{
    "AAPL": {
        "target_date": "2025-01-02",
        "actual_price": 243.8500061035156,
        "LSTM": {
            "forecast": 244.12394081158334,
            "mse": 0.07504022428415898,
            "rmse": 0.2739347080677419
        },
        "MLP": {
            "forecast": 269.4973528972994,
            "mse": 657.7863975606112,
            "rmse": 25.647346793783782
        }
    }
}